{"tunnels":[{"name":"command_line","uri":"/api/tunnels/command_line","public_url":"tcp://8.tcp.ngrok.io:15146","proto":"tcp","config":{"addr":"localhost:22","inspect":false},"metrics":{"conns":{"count":178,"gauge":0,"rate1":0.000022271462861815588,"rate5":0.010017449117598942,"rate15":0.018734876540299206,"p50":7238108847.5,"p90":22961303235.6,"p95":25815456931.04998,"p99":39911464280.48002},"http":{"count":0,"rate1":0,"rate5":0,"rate15":0,"p50":0,"p90":0,"p95":0,"p99":0}}}],"uri":"/api/tunnels"}
